t_id;t_이름;등급;매입가;처분가;중첩갯수;거래불능;처분불능;파괴불능;귀속;t_사용제한;필요수량;t_결과물1;t_결과물2;t_결과물3;t_결과물4;t_판매대행분류
SP0_0_0000;포유계 영혼의 기운;0.000000;0.000000;100.000000;10.000000;0.000000;0.000000;0.000000;0.000000;*;5.000000;EG0_0_0001;EG0_1_0001;EG0_2_0001;EG0_3_0001;Auction_001
SP0_0_0001;유익계 영혼의 기운;0.000000;0.000000;100.000000;10.000000;0.000000;0.000000;0.000000;0.000000;*;5.000000;EG0_0_0002;EG0_1_0002;EG0_2_0002;EG0_3_0002;Auction_001
SP0_0_0002;파충계 영혼의 기운;0.000000;0.000000;100.000000;10.000000;0.000000;0.000000;0.000000;0.000000;*;5.000000;EG0_0_0003;EG0_1_0003;EG0_2_0003;EG0_3_0003;Auction_001
SP0_0_0003;곤충계 영혼의 기운;0.000000;0.000000;100.000000;10.000000;0.000000;0.000000;0.000000;0.000000;*;5.000000;EG0_0_0004;EG0_1_0004;EG0_2_0004;EG0_3_0004;Auction_001
SP0_0_0004;정령계 영혼의 기운;0.000000;0.000000;100.000000;10.000000;0.000000;0.000000;0.000000;0.000000;*;5.000000;EG0_0_0005;EG0_1_0005;EG0_2_0005;EG0_3_0005;Auction_001
