t_id;t_이름;아이템 레벨;펠로우최소레벨;펠로우최대레벨;t_펠로우기준등급;매입가;처분가;드랍불가;중첩개수;거래불능;처분불능;파괴불능;t_귀속
FT_0_000;펠로우변형테스트N(1_20);1.000000;1.000000;20.000000;no;10.000000;1.000000;1.000000;10.000000;0.000000;0.000000;0.000000;*
FT_0_001;펠로우변형테스트N(21_40);1.000000;21.000000;40.000000;no;10.000000;1.000000;1.000000;10.000000;0.000000;0.000000;0.000000;*
FT_0_002;펠로우변형테스트el(1_20);1.000000;1.000000;20.000000;el;10.000000;1.000000;1.000000;10.000000;0.000000;0.000000;0.000000;*
FT_0_003;펠로우변형테스트el(21_40);1.000000;21.000000;40.000000;el;10.000000;1.000000;1.000000;10.000000;0.000000;0.000000;0.000000;*
