t_id;t_이름;등급;t_작물종류;기본수확량;아이템레벨;매입가;처분가;중첩갯수;거래불능;처분불능;파괴불능;t_드랍시레벨검사;t_귀속;t_사용제한
CP_0_0000;테스트용 일반작물;1.000000;no;10.000000;1.000000;100.000000;30.000000;1.000000;0.000000;0.000000;0.000000;item;none;*
CP_0_0001;테스트용 약용작물;1.000000;he;10.000000;1.000000;100.000000;30.000000;1.000000;0.000000;0.000000;0.000000;item;none;*
CP_1_0000;테스트용 부산물;1.000000;no;10.000000;1.000000;100.000000;30.000000;1.000000;0.000000;0.000000;0.000000;item;none;*
