t_id;t_이름;t_소모타입;t_사용클래스;등급;요구레벨;제한레벨;아이템레벨;매입가;처분가;중첩갯수;생성개수;길드장 전용;t_mapid;t_areaid;사용기간;드랍불가;거래불능;처분불능;파괴불능;t_귀속;t_귀속대상;t_판매대행분류;contentslevel;통합채널사용불가
GU_1_0000;길드룸 입장권(7일);gu;WR_GD_AC_TF_PR_WZ;2.000000;5.000000;0.000000;60.000000;60.000000;6.000000;1.000000;1.000000;1.000000;map_g03;area_g03_r_001;1209600.000000;1.000000;1.000000;1.000000;0.000000;none;ch;Auction_500;60.000000;0.000000
GU_1_0001;길드룸 입장권(14일);gu;WR_GD_AC_TF_PR_WZ;3.000000;5.000000;0.000000;60.000000;60.000000;6.000000;1.000000;1.000000;1.000000;map_g02;area_g02_r_001;604800.000000;1.000000;1.000000;1.000000;0.000000;none;ch;Auction_500;60.000000;0.000000
