t_id;t_이름;등급;매입가;처분가;중첩갯수;거래불능;처분불능;파괴불능;귀속;t_사용제한;t_사용효과1;t_사용효과2;t_사용효과3;t_사용효과4;t_결과물1;t_결과물2;t_결과물3;t_결과물4;t_판매대행분류
FD0_0_0001;테스트먹이;0.000000;0.000000;100.000000;100.000000;0.000000;0.000000;0.000000;0.000000;*;Guage(HP, 500);*;*;*;SO_TEST_1_0003;felloweating;*;*;Auction_001
FD0_1_0001;테스트먹이;1.000000;0.000000;100.000000;100.000000;0.000000;0.000000;0.000000;0.000000;*;Guage(MP, 500);*;*;*;SO_TEST_1_0003;felloweating;*;*;Auction_001
FD0_2_0001;테스트먹이;2.000000;0.000000;100.000000;100.000000;0.000000;0.000000;0.000000;0.000000;*;Guage(HP, 1000);*;*;*;SO_TEST_1_0003;felloweating;*;*;Auction_001
FD0_3_0001;테스트먹이;3.000000;0.000000;100.000000;100.000000;0.000000;0.000000;0.000000;0.000000;*;Guage(MP, 1000);*;*;*;SO_TEST_1_0003;felloweating;*;*;Auction_001
